parameter,default,location,role,rationale,adjustment
study_id,behavioral-rhythm,StudyConfig,研究名称,计算规则以内容指纹追溯,沿用项目名称；修改计算后重建和校准产物
panel_id,joint12,StudyConfig,研究选择,预定义12节点及objective8对照,预登记选择并分别校准不可按测试表现挑选
baseline_days,14,StudyConfig,待验证研究默认,多个完整周的个人基线,14或21或28且保持足够端点窗口
outcome_window,7,StudyConfig,端点定义,一周行为离散度,7或14须重建结局
outcome_min_days,6,StudyConfig,覆盖门槛,7日内允许1日缺失,6或7须报告漏检与覆盖
persistence_days,3,StudyConfig,端点定义,要求持续多域异常,2或3或4须重建确认和阴性随访
rolling_days,28,StudyConfig,待验证研究默认,降低小样本相关的不稳定性,14或28或42或56整套重校准
rolling_min_days,23,StudyConfig,覆盖门槛,限制完整共同样本数不足,随窗口预登记且不大于rolling_days
max_missing_run,2,StudyConfig,覆盖门槛,限制时序断裂,1或2或3且当天始终必须完整
reference_min_people,60,StudyConfig,待验证研究默认,每人一条稳定参考避免伪重复,60或100或200按精度及分层重新设计
endpoint_min_people,60,StudyConfig,待验证研究默认,独立稳定人群端点尾部分位数,不能把60称作充分或最佳人数
module_sizes,2;3;4,StudyConfig,候选空间,低维网络可穷举且有组外补集,改变空间须连同多重搜索重新校准
module_stability,0.7,StudyConfig,待验证研究默认,按人bootstrap的方向稳定率,0.7或0.8或0.9不是显著性概率
max_modules,5,StudyConfig,复杂度约束,控制冻结策略的模块数,1或3或5并按完整max策略校准
bootstrap_repetitions,1000,StudyConfig,计算精度,稳定率0.7时MCSE约0.0145,200探索或1000正式或2000敏感性
permutation_repetitions,999,StudyConfig,计算精度,p值分辨率0.001含加1校正,临界结果预先规定9999次不得重复直到显著
discovery_alpha,0.05,StudyConfig,统计选择,全局零假设下候选最大统计量校正,预登记0.01或0.05并说明交换性条件
threshold_quantile,0.95,StudyConfig,端点定义,按人等权稳定分布经验尾部,0.90或0.95或0.975不得按预测AUC优化真值
alarm_consecutive,2,StudyConfig,报警策略,降低孤立高分报警,1或2或3在独立校准组评价
cooldown_days,7,StudyConfig,报警策略,控制重复报警负担,3或7或14并报告提前量变化
horizon_days,7,StudyConfig,目标定义,预警与可干预时间窗,3或7或14须重做标签和校准
min_lead_hours,24,StudyConfig,目标定义,排除几乎已发生的事件,12或24或48不得超过horizon
max_false_alarms_per_30_days,1.0,StudyConfig,使用负担目标,有效风险人时的误报预算并非概率阈值,0.5或1或2需用户场景与前瞻性证据
calibration_min_events,10,StudyConfig,最小运行门槛,防止极少事件下校准并非充分样本量,按灵敏度精度及亚组设计显著增加
calibration_min_negative_days,30,StudyConfig,最小运行门槛,防止极少阴性暴露并非验证充分,报告独立人数及人时而非只增加同人记录
epsilon,1e-8,StudyConfig,数值保护,近零分母拒判而非加常数放大指数,1e-10或1e-8或1e-6报告拒判率
seed,20261001,StudyConfig,复现,固定随机抽样路径,不能挑表现好的seed采用预登记种子集合
pair_convention,paper_k_squared,StudyConfig,论文约定,sDNB论文式组内K平方均值,unique_pairs仅作明确不同约定需重校准
model_id,Qwen/Qwen3-8B,configs/text/qwen.json,模型身份,唯一主模型；情绪强度研究及可部署性支持候选价值,MacBERT仅作同数据同划分对照；真实队列仍须验证
revision,b968826d9c46dd6066d109eabc6255188de91218,configs/text/qwen.json,复现,固定上游模型commit,变更需重新训练和验证
text_seed,20260929,configs/text/qwen.json,复现,固定训练随机过程,重复种子报告波动不择优
max_length,512,configs/text/qwen.json,资源与输入限制,短日记起点；包含固定评分指令且不静默截断,256或512或1024；实测超长比例和显存
batch_size,1,configs/text/qwen.json,每卡资源设置,QLoRA先以每卡1条实测峰值显存,1或2或4；不把多卡显存相加
gradient_accumulation,16,configs/text/qwen.json,有效批量设置,单卡1乘16为16；末批按真实样本数加权,两卡可用1乘8乘2保持16
epochs,8,configs/text/qwen.json,优化预算,验证集早停的最大轮数,4或8或12仅比较验证集
patience,2,configs/text/qwen.json,早停,限制验证不改善轮次,2或3或4
encoder_lr,0.0001,configs/text/qwen.json,LoRA优化起点,只更新低秩适配器；不全量更新底座,5e-5或1e-4或2e-4按独立验证组比较
head_lr,0.0005,configs/text/qwen.json,评分头优化起点,随机初始化程度头与证据头需独立步长,1e-4或5e-4或1e-3
weight_decay,0.01,configs/text/qwen.json,正则,常用优化起点并非队列最佳,0或0.01或0.1
warmup_ratio,0.1,configs/text/qwen.json,优化,早期学习率渐增,0或0.05或0.1
huber_delta,0.1,configs/text/qwen.json,损失,标签除100后等价于10分转折点,0.05或0.1或0.2需结合标注误差
dropout,0.1,configs/text/qwen.json,正则,现有编码器回归头起点,0或0.1或0.2按组验证
max_grad_norm,1,configs/text/qwen.json,数值优化,梯度范数裁剪不代表模型输出上限,0.5或1或2并检查梯度统计
threads,4,configs/text/qwen.json,资源,CPU线程设置,按环境调整不作科学选择
device,cuda,configs/text/qwen.json,资源,cpu或cuda或auto,记录硬件及库版本
minimum_hour_wear,45,measures/activity.py,测量规则,每小时最低实戴分钟,30或45或60须重建量化产物
minimum_day_wear,1200,measures/activity.py,测量规则,全天最低20小时且仍须完整合格小时,1200或1320或1440须重建量化产物
day_boundary_hour,4,timebase.local_boundary,日定义,固定研究日边界,变更须贯穿窗口事件评估并重新校准
issue_hour,12,timebase.forecast_bounds,发布安排,日界线后等待上传,变更不是单纯改一个常数需全链路测试
sd_ddof,1,dnb/statistics.py,数学约定,样本标准差,不作为预测调参
M10_hours,10,measures/activity.py,指标定义,经典最活跃10小时,改变时长须改指标名称
L5_hours,5,measures/activity.py,指标定义,经典最不活跃5小时,改变时长须改指标名称
circular_period_hours,24,measures/scaling.py,单位定义,钟点的圆周长度,不是可优化阈值
resting_hr_input_range,20..250,measures/physiology.py,宽松输入保护,排除明显异常编码而非健康区间,按设备与目标人群验证超限应缺失或复核
annotation_tolerance,10,text/annotations.py,复核路由,任一头超过10分差异需仲裁不是直接平均,根据独立标注一致性预登记
exploratory_deviation_quantile,0.75,dnb/single_sample.py,探索算法,单样本网络的高偏差筛选项目选择,0.5或0.75或0.9不得混入冻结主分析
exploratory_alpha,0.05,dnb/single_sample.py,探索算法,边扰动正态近似检验,默认BH仅此支路并非主模块置换
exploratory_distance_cut,1.9,dnb/single_sample.py,探索算法,2减相关扰动绝对值的单连接切割,无行为数据最佳值需专门验证
cluster_ci_repetitions,1000,research/evaluate.py,计算精度,以完整参与者为簇的百分位区间,1000或2000并报告有效重采样次数
linear_C,0.01;0.1;1;10,research/baselines.py,比较模型搜索,开发集按人分组搜索,避免外层测试泄漏
spline_degree,2;3,research/baselines.py,比较模型搜索,允许非线性程度关系,同时比较结点3或5与C为0.1或1
tree_leaves,3;7,research/baselines.py,比较模型搜索,低复杂度梯度提升树起点,L2为1或10并报告各候选
precision,auto,configs/text/qwen.json,GPU数值精度,各卡均支持时用BF16；否则GPU用FP16,auto或fp32或fp16或bf16；报告数值误差与溢出
gradient_checkpointing,true,configs/text/qwen.json,显存与速度,重算中间激活以降低显存占用,显存充足时可关闭并比较吞吐量
num_workers,0,configs/text/qwen.json,加载资源,避免每卡重复占用过多CPU与内存,0或2或4按服务器实测吞吐量调整
quantization,nf4,configs/text/qwen.json,底座存储,NF4降低冻结底座显存需求；不代表效果更好,nf4或none；比较量化误差和实际显存
lora_rank,16,configs/text/qwen.json,适配容量,16为容量和显存折中起点,8或16或32按验证组选择
lora_alpha,32,configs/text/qwen.json,适配缩放,起点为秩的2倍；不是科学定值,固定秩后比较alpha为秩的1或2倍
evidence_loss_weight,0.1,configs/text/qwen.json,多任务损失,0.1与归一化Huber梯度量级相近；需实测任务平衡,0.05或0.1或0.2同时报告强度误差和证据辨别
evidence_precision,0.95,configs/text/qwen.json,接收目标,独立校准组经验精度目标；不保证总体精度,0.90或0.95或0.99；报告测试覆盖和误接收
evidence_min_samples,20,configs/text/qwen.json,最小运行门槛,每项校准正负各至少20；接收至少20；不是充分样本量,按精度区间和独立人数设计更多真实标注
process_timeout_minutes,120,text/config.py,多卡通信等待,为主进程验证与保存预留等待时间而非统计参数,按最长验证和存储耗时调大；同步故障仍应排查
